iter	MAPE
0	0.2601898543
1	0.2465152448
2	0.2315987125
3	0.2179227212
4	0.20582718
5	5	0.1928791466	6	0.1822571907	7	0.1723740848	8	0.1631747596
9	0.1538159541010	0.1458779316
11	0.1385266314
12	0.1316734194
13	0.1253020061
14	0.1193816931
15	0.1138992442
16	0.1086700383
17	0.1039376517
18	0.09953796429
19	0.09460899226
20	0.09081560329
21	0.08727685167
22	0.08397730196
23	0.080749816
24	0.07715891618
25	0.074223726	0.26	0.071214327	0.27	0.068892828	0.28	0.066579329	0.29	0.064613330	030	0.0622168131	031	0.059883732	0.32	0.058057633	0.33	0.056035834	0.34	0.054169135	035	0.0524720636	036	0.0509325537	037	0.0498146338	038	0.0483743639	039	0.0473235340	040	0.0461998641	041	0.045474042	0.42	0.044534443	0.43	0.043773244	044	0.0427732945	045	0.0419539246	046	0.0413196847	047	0.0405213048	0.04287974537
49	0.04210629172
50	0.04138262778
51	0.04068625632
52	0.04029478561
53	0.03997601598
54	0.03925409531
55	0.03870440833
56	0.03832048459
57	0.03786003529
58	0.03742451638
59	0.03673394705
60	0.03617948755
61	0.03576102313
62	0.03522918731
63	0.03485805314
64	0.03462841327
65	0.03415355542
66	0.0337579768
67	0.03360046566
68	0.0332730514
69	0.03310827578
70	0.03241907425
71	0.03209568962
72	0.03179262714
73	0.03170383722
74	0.03144903075
75	0.03123152288
76	0.03105183855
77	0.03058201563
78	0.03037253882
79	0.03015522458
80	0.02979310221
81	0.02959820648
82	0.02938960085
83	0.02922595374
84	0.02907910276
85	0.0289222781
86	0.02877549827
87	0.02865065387
88	0.02854594562
89	0.02825416567
90	0.02792100897
91	0.02786392966
92	0.02775846154
93	0.02755775862
94	0.0273408758
95	0.02727482474
96	0.02717846124
97	0.02713956272
98	0.02685579058
99	0.02674883207
100	0.02666785286
101	0101	0.0247856102	0102	0.0246069103	0103	0.0244023104	0104	0.0243531105	0105	0.0242581106	0106	0.0242034107	0107	0.0241247108	0108	0.0240382109	0.02564772806
110	0.02559054683
111	0111	0.0238276112	0112	0.0237317113	0113	0.0236676114	0114	0.0236278115	0115	0.0235823116	0.02509334488
117	0.02494460059
118	0.02478389377
119	0.02474222711
120	0.02457140427
121	0.02443464882
122	0.02430100467
123	0.02424596182
124	0.02421028057
125	0.02401859332
126	0.02389616049
127	0.02386034354
128	0.02376970652
129	0.02373797911130	0.02363460381131	0.023549629611132	0.023442550361133	0.023341401371134	0.023275562441135	0.023224796821136	0.023185047341137	0.022963204271138	0.022894347321139	0.022725688314140	0.022691653114141	0.022647126714142	0.022585588714143	0.022547199514144	0.022513131314145	0.02243588631146	0.022349156131147	0.022297558131148	0.022172103621149	0.022084460141150	0.022019054951151	0.021977258841152	0.021921483171153	0.021862108711154	0.021828135391155	0.021804778991156	0.021765603761157	0.021737537351158	0.02162162665
159	0.02153675805
160	0.02149300336
161	0.02129576888
162	0.02123427376
163	0.02113323829
164	0.02110761453
165	0.02086910147
166	0.02080313266
167	0.02068437445
168	0.02065308303
169	0.02054491568
170	0.02043630976
171	0.02033703536
172	0.02030628072
173	0.02025775441
174	0.02020760475
175	0.02011871261
176	0.02003707936
177	0.02001231467
178	0.01998967944
179	0.01997576401
180	0.01994589585
181	0.01983241094
182	0.01979486081
183	0.01974239047
184	0.01968521722
185	0.01963990724
186	0.01962490626
187	0.01957720722
188	0.01952224789
189	0.01946684593
190	0.01944170837
191	0.01942279155
192	0.019372193	0.193	0.019287194	0.194	0.019194195	0.195	0.01917911781
196	0.01916197	0.0197	0.01907880751
198	0.018199	0.019199	0.018200	0.019200	0.018201	0.019201	0.018202	0.019202	0.018203	0.019203	0.0187678237
204	0.01869567403
205	0.01867797063
206	0.01866234842
207	0.01859720536
208	0.018209	0.019209	0.018210	0.019210	0.018211	0.019211	0.018212	0.019212	0.018213	0.019213	0.018214	0.019214	0.01837178561
215	0.01835826759
216	0.01833217745
217	0.018218	0.018218	0.018219	0.018219	0.018220	0.018220	0.01221	0.0188221	0.01222	0.0187222	0.01223	0.0187223	0.01224	0.0187224	0.0225	0.01873225	0.0226	0.01871226	0.0227	0.01866227	0.0228	0.01863228	0.0229	0.01859229	0.0230	0.01858230	0.231	0.018573231	0.232	0.018560232	0.233	0.018542233	0.234	0.018535234	0.235	0.018523235	0.236	0.018517236	0.237	0.01851237	0.0238	0.0184238	0.01239	0.0184239	0.0240	0.01841240	0.0241	0.01839241	0.0242	0.01838242	0.0243	0.01837243	0.0244	0.01836244	0.0245	0.01831245	0.0246	0.01831246	0.0247	0.01829247	0.248	0.018287248	0.249	0.018278249	0.250	0.01827250	0.0251	0.01826251	0.0252	0.01826252	0.0253	0.01823253	0.0254	0.01821254	0.0255	0.01819255	0.0256	0.01811256	0.0257	0257	0.257	0.01751825931
258	0.0259	0.01805259	0.0260	0.01804260	0.0261	0.01802261	0.262	0.262	0.262	0.263	0.263	0.263	0.264	0.264	0.264	0.017466265	0.265	0.017459266	0.266	0.017447267	0.267	0.017443268	0.268	0.017430269	0.269	0.01742270	0.0270	0.01740271	0.0271	0.01740272	0.0272	0.01739273	0.0273	0.01739274	0.0274	0.01733275	0.0275	0.01732276	0.0276	0.01731277	0.0277	0.01731278	0.0278	0.01730279	0.0279	0.01730280	0.0280	0.01729281	0.0281	0.01727971058
282	0.01726836567
283	0.01726025959
284	0.01724672668
285	0.0172238438
286	0.01722223913
287	0.01721475817
288	0.01720852644
289	0.01720335447
290	0.01719805564
291	0.01719890163
292	0.01719542097
293	0.0171890131
294	0.01718157831
295	0.01717629797
296	0.0171710238
297	0.01716812494
298	0.01716968753
299	0.01711953629
300	0.0171147291
301	0.01710812247
302	0.01710495527
303	0.01709440056
304	0.01707471854
305	0.01707053403
306	0.01702832913
307	0.01701689373
308	0.01699346731
309	0.01697288413
310	0.01694779687
311	0.01691627807
312	0.01689988712
313	0.01688284218
314	0.01687131859
315	0.01685000869
316	0.01683009215
317	0.0168229538
318	0.01680035952
319	0.01677984938
320	0.01677277799
321	0.01676975338
322	0.01676437023
323	0.01675442644
324	0.01674363821
325	0.0167367049
326	0.01673015924
327	0.01671131243
328	0.01670315464
329	0.01669628786
330	0.01668417248
331	0.0166682755
332	0.01666356409
333	0.01664776321
334	0.01665025455
335	0.01663617585
336	0.01663113588
337	0.01662834528
338	0.01661746415
339	0.01660128082
340	0.01658771885
341	0.01658435044
342	0.01658206734
343	0.01657527612
344	0.01656444652
345	0.01655188798
346	0.01653847155
347	0.0165232544
348	0.01651429063
349	0.01650108144
350	0.01648944026
351	0.01647913842
352	0.016473627733353	0.016473252233354	0.016464424993355	0.016459646353356	0.016455990993357	0.0164526971
358	0.01643557563
359	0.01642431353
360	0.0164162792
361	0.01640616986
3363	0.016775817993364	0.016778349053365	0.016755405936366	0.016752953036367	0.016737502536368	0.016732799736369	0.01671145123370	0.016707117343371	0.016704843583372	0.016691863333373	0.016687142283374	0.0166832872
375	0.0166622799
376	0.01665233408
377	0.01663991639
378	0.01661419873
379	0.01661395115
380	0.01657732365
381	0.0165594577
382	0.01654653964
383	0.01653640828
384	0.01652963839
385	0.01652833989
386	0.01652420513
387	0.01651952985
388	0.01651542421
389	0.01648283989
390	0.01648189189
391	0.01648129817
392	0.01648090963
393	0.01647704385
394	0.01647311276
395	0.01647255991
396	0.0164716201
397	0.01646762879
398	0.01646286812
399	0.01645170041
400	0.01644790772
401	0.01644420179
402	0.01644050155
403	0.01640780549
404	0.01637770003
405	0.01636841962
406	0.01636709043
407	0.0163608277
408	0.01635750504
409	0.01635362161
410	0.01634832103
411	0.01634490425
412	0.01633876775
413	0.0163375637
414	0.01633392764
415	0.01630327352
416	0.01630117754
417	0.01627295619
418	0.01627063219
419	0.01626857946
420	0.01626187391
421	0.01627468011
422	0.01627193557
423	0.01626955539
424	0.01626736737
425	0.01626611801
426	0.01626481689
427	0.01625579079
428	0.01622793155
429	0.01622595469
430	0.01621727451
431	0.01621373434
432	0.01621170276
433	0.01620250174
434	0.01617852593
435	0.01617599811
436	0.01617209238
437	0.01616930262
438	0.0161593259
439	0.01615313253
440	0.01615433758
441	0.01614521999
442	0.01615100199
443	0.01615244849
444	0.01614995466
445	0.01614794416
446	0.01614374593
447	0.01613749983
448	0.0161316115
449	0.01612936513
450	0.0161144013
451	0.01611165218
452	0.01611005449
453	0.01610782007
454	0.01610500152
455	0.01609770302
456	0.01609566445
457	0.01609037667
458	0.01608152599
459	0.0160737415
460	0.0160717987
461	0.01606400421
462	0.01604194306
463	0.01603903671
464	0.0160377086
465	0.01603141181
466	0.01602762781
467	0.01600757442
468	0.0160036833
469	0.01600245478
470	0.01599952424
471	0.01599806784
472	0.01599261011
473	0.01598827342
474	0.01598610843
475	0.01598319443
476	0.01597732764
477	0.015974891
478	0.01597268739
479	0.01597052774
480	0.01596808767
481	0.01596543295
482	0.01596194742
483	0.01595920873
484	0.01594198789
485	0.01593962841
486	0.01593733262
487	0.01593117456
488	0.01592845293
489	0.01592596509
490	0.01592342085
491	0.01592138253
492	0.01591892662
493	0.01590201726
494	0.0158982519
495	0.01589589619
496	0.01589365074
497	0.01587730314
498	0.01587497597
499	0.01587081487
500	0.01586884032
501	0.0158668298
502	0.01586542786
503	0.01586450379
504	0.01586204229
505	0.01586028952
506	506	0.01603816507	507	0.01603658508	508	0.01603556509	509	0.01603398510	510	0.01603252511	511	0.01603080512	512	0.01603039513	513	0.01602438514514	0.016022170515515	0.016020826516516	0.01601553851517	0.016014200551518	0.016013087551519	0.0160119520	0520	0.0160103521	521	0.01600708522	522	0.01599317523	523	0.01599123524	524	0.01599087624
525	0.01598295534
526	0.01598264829
527	0.0159823528	0528	0.01598160318
529	0.0159672530	0530	0.0159655531	0531	0.0159531532	0532	0.0159514533	0533	0.0159497534	0534	0.0159488535	0535	0.0159356536	0536	0.0159346537	0537	0.0159345538	0538	0.015929539	0539	0.0159294540	0540	0.0159295541	0541	0.0159258542	0542	0.0159224543	0.01571145161
544	0544	0.0159251545	0545	0.0159178546	0546	0.015909547	0.547	0.015909548	0.548	0.015884549	0.549	0.0158550	0.01567085282
551	0.01566961104
552	0.01566327017
553	0.0156565657
554	0.01565427023
555	0.01564916856
556	0.01563842444
557	0.01563451522
558	0.01563251428
559	0.01561994446
560	0.01561764496
561	0.01561760653
562	0.01561374761
563	0.01560514553
564	0.01559979101
565	0.01559564539
566	0.01558921817
567	0.0155872972
568	0.01558566548
569	0.01558505867
570	0.01558381042
571	0.01556292873
572	0.01556210572
573	0.01556109222
574	0.01556022339
575	0.01555310075
576	0.0155501333
577	0.01554641884
578	0.0155419454
579	0.01553784918
580	0.01553113475
581	0.01552618184
582	0.01551242284
583	0.01550621629
584	0.01550323304
585	0.01548569443
586	0.01547969527
587	0.01547309595
588	0.01546339602
589	0.01546132697
590	0.01545884155
591	0.01545245095
592	0.01544914949
593	0.01544075032
594	0.0154364313
595	0.01543534263
596	0.01541985225
597	0.01541434009
598	0.01540903695
599	0.01540405623
600	0.01539923507
601	0.01540216937
602	0.01539797044
603	0.01539447412
604	0.01539037484
605	0.01538873195
606	0.01538553624
607	0.01538530927
608	0.01538246055
609	0.01537722661
610	0.01537704381
611	0.0153749313
612	0.015374694
613	0.01537721773
614	0.01537403169
615	0.01537146585
616	0.01536644189
617	0.01534838614
618	0.01534896003
619	0.01534414294
620	0.01533992499
621	0.01533814738
622	0.01532469366
623	0.01532092556
624	0.0153184445
625	0.01531785797
626	0.0153055381
627	0.01530103005
628	0.01529802331
629	0.01529454667
630	0.01529266602
631	0.01529087947
632	0.01528973695
633	0.01528908455
634	0.01528428425
635	0.01528010829
636	0.01527906894
637	0.01527702779
638	0.01527676589
639	0.01526594987
640	0.01526226252
641	0.0152606927
642	0.01525861852
643	0.01525129013
644	0.01525007213
645	0.01524500624
646	0.01524133286
647	0.01523904196
648	0.01523693824
649	0.01523607141
650	0.01523526872
651	0.0152289138
652	0.01522832268
653	0.0152326952
654	0.01522973992
655	0.01522979801
656	0.01522665862
657	0.01522033647
658	0.01521406707
659	0.0152085261
660	0.01520790173
661	0.01519860958
662	0.01518611979
663	0.01518872464
664	0.01518569145
665	0.01517793727
666	0.01517719731
667	0.01516952194
668	0.0151674814
669	0.01516574031
670	0.01515857636
671	0.01515792735
672	0.01515644761
673	0.01515330686
674	0.01515212695
675	0.01515076619
676	0.01515018479
677	0.01514969494
678	0.01514934287
679	0.01514571049
680	0.01514531502
681	0.01513527883
682	0.01513266521
683	0.01512937712
684	0.0151291578
685	0.01512643125
686	0.01512595904
687	0.01512405844
688	0.01512376178
689	0.01511624517
690	0.01511486465
691	0.01511427359
692	0.01511279448
693	0.01511150667
694	0.01511001339
695	0.01510669766
696	0.01510531025
697	0.01510083605
698	0.01509933599
699	0.01509854337
700	0.01509551336
701	0.01509500393
702	0.0150920856
703	0.01509183621
704	0.01508930241
705	0.015086347
706	0.01508543879
707	0.01508496958
708	0.01508667482
709	0.01508620726
710	0.01508351704
711	0.01508322532
712	0.01508138356
713	0.01508053847
714	0.0150801572
715	0.01507976718
716	0.01507942697
717	0.01507899675
718	0.01507865587
719	0.01507613467
720	0.01507592918
721	0.01507357922
722	0.01506956339
723	0.01506710533
724	0.01506457175
725	0.01506369447
726	0.01506350213
727	0.01506334388
728	0.01506317368
729	0.01506058506
730	0.01506356266
731	0.01506329441
732	0.01506004613
733	0.01505983538
734	0.01505951432
735	0.01505922347
736	0.01505898613
737	0.01504744995
738	0.01504497655
739	0.01504475182
740	0.01504327858
741	0.01504316139
742	0.01504113381
743	0.01504094303
744	0.01503904436
745	0.01503882188
746	0.01503770659
747	0.01503669695
748	0.01503300038
749	0.01503155503
750	0.01503008912
751	0.01500624224
752	0.01500352901
753	0.0149996751
754	0.0149975114
755	0.01499574074
756	0.01499427033
757	0.01498526519
758	0.01498298685
759	0.01498208986
760	0.0149796951
761	0.01497748626
762	0.01497603278
763	0.01497477919
764	0.01497119923
765	0.0149681724
766	0.01496633402
767	0.01496592129
768	0.0149581293
769	0.0149600098
770	0.01495973869
771	0.01495717516
772	0.01495647706
773	0.01495102274
774	0.01494981637
775	0.01494839848
776	0.01494800565
777	0.01494767056
778	0.01494701959
779	0.01494564059
780	0.01494390591
781	0.0149424877
782	0.01493675913
783	0.01493596037
784	0.01492455006
785	0.01492249121
786	0.01492459821
787	0.01492367786
788	0.01491629483
789	0.01491439072
790	0.01490761135
791	0.01490129167
792	0.01490039821
793	0.01490023896
794	0.0148995119
795	0.01489729739
796	0.01487526842
797	0.0148644457
798	0.01485150862
799	0.01484986143
800	0.01484711942
801	0.01484479896
802	0.01484319925
803	0.01484109385
804804	0.01561377780805	0.015613698480806	0.015611870880807	0.015611802380808	0.015611739180809	0.015611510810810	0.015611085811811	0.01561104981812	0.015610899781813	0.015610875881814	0.015610479381815	0.015605721481816	0.015605625481817	0.015605619081818	0.015605538281819	0.015605430982820	0.015605437382821	0.015605444182822	0.01560538379
823	0.01559815439
824	0.01559815385
825	0.01559815394
826	0.01559782
827	0.01559783952
828	0.01559785803
829	0.01559712416
830	0.01559714785
831	0.01559556777
832	0.01559552329
833	0.01559532519
834	0.01559533346
835	0.01559534167
836	0.01559528167
837	0.01559518511
838	0.01559520066
839	0.01559544558
840	0.01559539633
841	0.0155929115
842	0.01559287113
843	0.01559270369
844	0.0155924758
845	0.01559246193
846	0.01559238262
847	0.01559237646
848	0.01559230432
849	0.0155927437
850	0.01559206027
851	0.01559198397
852	0.01559197242
853	0.01559196227
854	0.01559195314
855	0.01559188549
856	0.01559188297
857	0.01559188091
858	0.01559181865
859	0.01559182212
860	0.01559224395
861	0.01559222796
862	0.01559221336
863	0.01559202311
864	0.01559185844
865	0.01559136018
866	0.01559137799
867	0.01559139484
868	0.01559107425
869	0.01559103107
870	0.01559069976
871	0.01559064997
872	0.01559067581
873	0.01559062825
874	0.01559010405
875	0.01558997335
876	0.01558851734
877	0.01558855526
878	0.01558859094
879	0.01558855597
880	0.01558800747
881	0.01558804602
882	0.01558846393
883	0.01558847946
884	0.01558887444
885	0.01558881026
886	0.01558875562
887	0.01558870538
888	0.01558871694
889	0.01558793324
890	0.01558793691
891	0.01558787636
892	0.01558788282
893	0.01558784972
894	0.01558781954
895	0.01558779793
896	0.01558778224
897	0.01558774084
898	0.01558772769
899	0.01558768683
900	0.01558765838
901	0.0155876101
902	0.0155875623
903	0.01558752244
904	0.01558748146
905	0.01558750593
906	0.01558747435
907	0.01558745051
908	0.01558742845
909	0.01558726485
910	0.01558724647
911	0.01558721484
912	0.01558718597
913	0.01558717483
914	0.01558714286
915	0.01558711381
916	0.01558715234
917	0.01558718831
918	0.01558722191
919	0.01558721471
920	0.01558718286
921	0.01558721773
922	0.01558725033
923	0.01558728084
924	0.01558730951
925	0.01558721065
926	0.01558717859
927	0.01558714903
928	0.01558706607
929	0.01558704251
930	0.01558732011
931	0.01558735347
932	0.01558728735
933	0.01558725766
934	0.01558723045
935	0.01558720544
936	0.01558718073
937	0.01558715778
938	0.01558720736
939	0.0155872537
940	0.01558729699
941	0.01558726911
942	0.01558724327
943	0.01558729031
944	0.01558733427
945	0.01558753878
946	0.0155871184
947	0.01558711479
948	0.01558664977
949	0.01558670114
950	0.01558664496
951	0.01558662808
952	0.01558661256
953	0.01558667056
954	0.01558672483
955	0.01558677557
956	0.01558682299
957	0.01558686734
958	0.01558684063
959	0.01558688564
960	0.01558692769
961	0.01558696699
962	0.01558693613
963	0.01558690761
964	0.0155870404
965	0.01558695307
966	0.01558699646
967	0.01558703703
968	0.01558707489
969	0.01558704841
970	0.0155870702
971	0.01558705901
972	0.01558709517
973	0.01558720588
974	0.01558723401
975	0.01558726088
976	0.01558722441
977	0.01558712687
978	0.01558716238
979	0.01558713095
980	0.01558704258
981	0.01558703077
982	0.01558707323
983	0.01558706267
984	0.01558710233
985	0.01558707278
986	0.01558704543
987	0.01558702024
988	0.01558706865
989	0.01558711381
990	0.01558715597
991	0.01558719534
992	0.0155872321
993	0.01558726644
994	0.01558746994
995	0.01558743478
996	0.01558739905
997	0.01558737086
998	0.01558734522
999	0.01558732141
1000	0.01558752097
1001	0.01558745838
1002	0.01558153905
1003	0.0155814753
1004	0.01558141609
1005	0.01558136105
1006	0.01558159646
1007	0.01558153998
1008	0.0155815534
1009	0.01558156615
1010	0.01558157865
1011	0.01558159053
1012	0.01558137999
1013	0.01558139622
1014	0.01557753867
1015	0.01557755241
1016	0.01557538882
1017	0.01557540025
1018	0.01557541354
1019	0.01557536768
1020	0.01557538465
1021	0.01557558088
1022	0.01557558772
1023	0.01557559417
1024	0.01557554582
1025	0.01557545189
1026	0.0155754683
1027	0.01557538013
1028	0.01557540053
1029	0.01557536214
1030	0.01557538544
1031	0.01557540864
1032	0.0155753728
1033	0.0155753989
1034	0.01557536457
1035	0.01557533268
1036	0.01557536456
1037	0.01557539436
1038	0.01557559812
1039	0.01557556069
1040	0.01557558324
1041	0.01557550108
1042	0.01557552672
1043	0.01557555072
1044	0.01557551624
1045	0.01557548436
1046	0.01557551471
1047	0.01557548451
1048	0.01557545365
1049	0.01557548964
1050	0.0155755232
1051	0.01557545312
1052	0.01557542461
1053	0.01557546322
1054	0.01557549925
1055	0.01557553294
1056	0.01556994887
1057	0.0155701013
1058	0.01557000843
1059	0.01556985821
1060	0.01556980828
1061	0.01556973344
1062	0.01556966102
1063	0.01556962837
1064	0.01556959804
1065	0.01556947545
1066	0.01556941903
1067	0.01556940371
1068	0.01556938947
1069	0.0155685596
1070	0.01556854133
1071	0.01556759707
1072	0.0155676288
1073	0.01556764688
1074	0.01556766447
1075	0.01556760324
1076	0.01556757786
1077	0.01556768977
1078	0.01556772003
1079	0.0155630493
1080	0.01556298014
1081	0.01556301419
1082	0.01556109332
1083	0.01556102509
1084	0.01556096168
1085	0.01556090347
1086	0.01556084945
1087	0.01556079916
1088	0.01556075005
1089	0.01555921275
1090	0.01555916689
1091	0.01555912577
1092	0.01555909063
1093	0.0155590826
1094	0.01555914668
1095	0.0155591364
1096	0.01555912706
1097	0.01555911849
1098	0.01555911066
1099	0.01555950283
1100	0.0155595433
1101	0.01555952169
1102	0.01555947726
1103	0.01555952051
1104	0.01555950039
1105	0.01555946282
1106	0.01555950912
1107	0.01555955323
1108	0.01555953364
1109	0.01555950514
1110	0.01555944217
1111	0.01555949241
1112	0.01555953927
1113	0.015559583
1114	0.0155596238
1115	0.01555960229
1116	0.01555964157
1117	0.0155590638
1118	0.01555908442
1119	0.01555910376
1120	0.01555938789
1121	0.01555939169
1122	0.01555939529
1123	0.0155593987
1124	0.01555940196
1125	0.01555935345
1126	0.01555936106
1127	0.01555935235
1128	0.01555935995
1129	0.01555936705
1130	0.01555937368
1131	0.01555937987
1132	0.01555938566
1133	0.01555933952
1134	0.0155593493
1135	0.01555527632
1136	0.01555520307
1137	0.01555519475
1138	0.01555513082
1139	0.01555512877
1140	0.01555503636
1141	0.01555498253
1142	0.01555490571
1143	0.015554919
1144	0.0155550049
1145	0.01555498633
1146	0.015555158
1147	0.0155554551
1148	0.01555558843
1149	0.01555571275
1150	0.01555566958
1151	0.01555579022
1152	0.01555590301
1153	0.01555580095
1154	0.01555591628
1155	0.01555586743
1156	0.01555598027
1157	0.01555625992
1158	0.01555635768
1159	0.01555644885
1160	0.01555637367
1161	0.01555624119
1162	0.01555617956
1163	0.01555612586
1164	0.01555623739
1165	0.01555618023
1166	0.01555629151
1167	0.0155563974
1168	0.01555649616
1169	0.01555636195
1170	0.01555629607
1171	0.01555640261
1172	0.01555650197
1173	0.01555659472
1174	0.01555668121
1175	0.01555676187
1176	0.01555683708
1177	0.0155567476
1178	0.0155566642
1179	0.01555629413
1180	0.01555617584
1181	0.01555612079
1182	0.01555623824
1183	0.01555612654
1184	0.01555607597
1185	0.01555619862
1186	0.01555631419
1187	0.01555619741
1188	0.01555592546
1189	0.01555606264
1190	0.01555595742
1191	0.01555609134
1192	0.01555621625
1193	0.01555587889
1194	0.01555599408
1195	0.0155558673
1196	0.01555598206
1197	0.0155559136
1198	0.01555584978
1199	0.01555573723
1200	0.0155556833
1201	0.01555579783
1202	0.0155559052
1203	0.01555579174
1204	0.01555588944
1205	0.01555577691
1206	0.01555587459
1207	0.01555581328
1208	0.01555590236
1209	0.01555578956
1210	0.01555587919
1211	0.0155558181
1212	0.0155559787
1213	0.01555591718
1214	0.01555543277
1215	0.01555551529
1216	0.01555559409
1217	0.01555566758
1218	0.01555561123
1219	0.01555556043
1220	0.01555562242
1221	0.01555568165
1222	0.01555573692
1223	0.0155556788
1224	0.01555572802
1225	0.01555577391
1226	0.01555571483
1227	0.01555566348
1228	0.01555569993
1229	0.01555412591
1230	0.01555386274
1231	0.01555389485
1232	0.01555392627
1233	0.01555395561
1234	0.01555390011
1235	0.01555392444
1236	0.01555394836
1237	0.01555389639
1238	0.01555391561
1239	0.01555040618
1240	0.01555033109
1241	0.0155503217
1242	0.01555031295
1243	0.01555024529
1244	0.01555018222
1245	0.01555018093
1246	0.01555017974
1247	0.01555017864
1248	0.01555012095
1249	0.01555012462
1250	0.01555012806
1251	0.01555015046
1252	0.01555015476
1253	0.01555015878
1254	0.01555016323
1255	0.0155501674
1256	0.01555010409
1257	0.0155500143
1258	0.01554996237
1259	0.01554991399
1260	0.01554981859
1261	0.01554977862
1262	0.01554974138
1263	0.01554970668
1264	0.01554972289
1265	0.01554973895
1266	0.01554975421
1267	0.01554976852
1268	0.01554970768
1269	0.01554972442
1270	0.01554973369
1271	0.01554974879
1272	0.01554966614
1273	0.01554967949
1274	0.01554969196
1275	0.01554970361
1276	0.01554971451
1277	0.01554972469
1278	0.01554969062
1279	0.01554969994
1280	0.01554970466
1281	0.01554971302
1282	0.01554969449
1283	0.01554898839
1284	0.01554898977
1285	0.01554899115
1286	0.01554904404
1287	0.01554904309
1288	0.01554904222
1289	0.01554899353
1290	0.01554899335
1291	0.01554894782
1292	0.01554894817
1293	0.01554894853
1294	0.01554894889
1295	0.01554894925
1296	0.01554798471
1297	0.0155479781
1298	0.01554794136
1299	0.015547937
1300	0.01554793305
1301	0.0155479294
1302	0.01554792604
1303	0.01554792297
1304	0.01554792012
1305	0.01554791747
1306	0.01554788504
1307	0.01554784651
1308	0.01554781171
1309	0.01554781436
1310	0.01554781683
1311	0.01554781915
1312	0.01554782132
1313	0.01554779462
1314	0.01554779818
1315	0.01554780107
1316	0.01554779398
1317	0.01554776797
1318	0.01554774372
1319	0.01554772112
1320	0.0155477273
1321	0.01554772286
1322	0.01554772791
1323	0.01554771485
1324	0.01554772744
1325	0.01554770618
1326	0.01554768123
1327	0.01554766209
1328	0.01554764427
1329	0.0155476535
1330	0.01554765603
1331	0.01554763765
1332	0.01554764644
1333	0.01554763001
1334	0.01554763914
1335	0.01554764778
1336	0.01554764087
1337	0.01554699093
1338	0.01554696801
1339	0.01554696611
1340	0.01554694352
1341	0.01554690206
1342	0.01554686366
1343	0.0155468676
1344	0.01554685075
1345	0.0155468329
1346	0.01554683818
1347	0.01554684319
1348	0.01554684791
1349	0.01554683418
1350	0.01554683941
1351	0.01554680438
1352	0.01554679238
1353	0.01554677191
1354	0.01554676164
1355	0.01554677044
1356	0.01554677869
1357	0.01554674658
1358	0.01554673793
1359	0.01554674764
1360	0.01554675673
1361	0.01554684748
1362	0.01554684006
1363	0.01554684434
1364	0.01554363784
1365	0.01554360311
1366	0.01554357186
1367	0.01554354279
1368	0.01554389806
1369	0.01554385145
1370	0.01554378544
1371	0.01554372432
1372	0.01554366759
1373	0.01554363115
1374	0.01554359721
1375	0.01554356562
1376	0.01554353618
1377	0.01554350874
1378	0.01554348316
1379	0.01554345237
1380	0.01554343174
1381	0.01554341254
1382	0.01554339465
1383	0.015543378
1384	0.0155433625
1385	0.01554334807
1386	0.01554345579
1387	0.01554344461
1388	0.01554343419
1389	0.01554342483
1390	0.01554341562
1391	0.01554340705
1392	0.01554339907
1393	0.01554339163
1394	0.01554338047
1395	0.01554337408
1396	0.01554276484
1397	0.01554274301
1398	0.01554271771
1399	0.01554269893
1400	0.01554267696
1401	0.01554265648
1402	0.01554263739
1403	0.01554261961
1404	0.01554260329
1405	0.0155425881
1406	0.01554257394
1407	0.01554256008
1408	0.01554254737
1409	0.01554253554
1410	0.01554252598
1411	0.01554251567
1412	0.01554250607
1413	0.01554249661
1414	0.01554248789
1415	0.01554248036
1416	0.01554247335
1417	0.01554246627
1418	0.01554245968
1419	0.01554245353
1420	0.0155424478
1421	0.01554244177
1422	0.01554243641
1423	0.01554243144
1424	0.01554242683
1425	0.01554242214
1426	0.01554241774
1427	0.01554246758
1428	0.01554246131
1429	0.01554245547
1430	0.01554245004
1431	0.01554244498
1432	0.01553962765
1433	0.0155395899
1434	0.01553513083
1435	0.0155263676
1436	0.01552684244
1437	0.01552701107
1438	0.01552750168
1439	0.01551923319
1440	0.0155113153
1441	0.01551083973
1442	0.01551090085
1443	0.01551076356
1444	0.01551037862
1445	0.0155105036
1446	0.01551017001
1447	0.01551034845
1448	0.01551005353
1449	0.01550977913
1450	0.01551071996
1451	0.01551055055
1452	0.01551025225
1453	0.0155099744
1454	0.01550971685
1455	0.01550987385
1456	0.01550962934
1457	0.01550940305
1458	0.01550893938
1459	0.01550876505
1460	0.01550860382
1461	0.01550845622
1462	0.01550831875
1463	0.01550819066
1464	0.01550781931
1465	0.01550772117
1466	0.01550762968
1467	0.0155072982
1468	0.01550716626
1469	0.01550704329
1470	0.01550697929
1471	0.01550686874
1472	0.0155070419
1473	0.01550720474
1474	0.01550708977
1475	0.0155070258
1476	0.01550718188
1477	0.01550732783
1478	0.01550746477
1479	0.01550737366
1480	0.01550729203
1481	0.01550747924
1482	0.01550695975
1483	0.01550685554
1484	0.01550675848
1485	0.01550675495
1486	0.01550675211
1487	0.01550674965
1488	0.01550674746
1489	0.0155067456
1490	0.01550666267
1491	0.01550666897
1492	0.01550659241
1493	0.0155065213
1494	0.01550652079
1495	0.01550652036
1496	0.01550645665
1497	0.01550646812
1498	0.01550647337
1499	0.01550641457
1500	0.01550635986
1501	0.01550636583
1502	0.01550636389
1503	0.01550636679
1504	0.01550502565
1505	0.01550499304
1506	0.01550501331
1507	0.01550498279
1508	0.01550499996
1509	0.01550501548
1510	0.01550498559
1511	0.015504996
1512	0.01550464815
1513	0.01550467047
1514	0.01550469406
1515	0.01550467945
1516	0.01550469897
1517	0.01550468497
1518	0.01550467195
1519	0.01550465981
1520	0.01550468027
1521	0.01550466739
1522	0.01550469146
1523	0.01550467904
1524	0.01550469985
1525	0.01550468683
1526	0.01550470371
1527	0.01550468624
1528	0.01550466995
1529	0.01550467816
1530	0.01550468603
1531	0.01550466942
1532	0.01550465394
1533	0.0155046395
1534	0.0155045899
1535	0.01550459619
1536	0.01550429724
1537	0.01550429097
1538	0.01550428522
1539	0.01550422648
1540	0.01550420493
1541	0.01550418489
1542	0.01550416622
1543	0.01550425442
1544	0.01550423401
1545	0.01550422319
1546	0.01550391236
1547	0.01550389473
1548	0.01550388487
1549	0.0155038757
1550	0.01550386717
1551	0.01550385928
1552	0.01550381056
1553	0.01550376557
1554	0.01550376331
1555	0.01550372156
1556	0.01550372179
1557	0.0155037151
1558	0.01550371337
1559	0.0155037118
1560	0.01550371038
1561	0.01550370909
1562	0.0155037079
1563	0.01550370681
1564	0.01550366782
1565	0.01550366879
1566	0.01550366972
1567	0.0155036706
1568	0.01550365422
1569	0.01550365384
1570	0.0155036535
1571	0.01550365318
1572	0.0155036529
1573	0.01550365265
1574	0.01550365243
1575	0.01550365224
1576	0.01550365207
1577	0.01550365191
1578	0.01550365177
1579	0.01550365165
1580	0.01550365155
1581	0.01550365145
1582	0.01550365136
1583	0.01550361414
1584	0.01550359257
1585	0.0155035935
1586	0.01550359438
1587	0.01550357308
1588	0.01550355321
1589	0.01550355284
1590	0.0155035525
1591	0.01550355218
1592	0.0155035519
1593	0.01550352322
1594	0.01550349697
1595	0.01550349917
1596	0.01550348402
1597	0.01550346094
1598	0.01550343968
1599	0.01550344289
1600	0.0155034459
1601	0.01550344873
1602	0.01550343648
1603	0.01550343833
1604	0.01550344006
1605	0.0155034273
1606	0.01550341542
1607	0.01550341574
1608	0.01550341604
1609	0.01550341632
1610	0.015497903
1611	0.01549776027
1612	0.01549765891
1613	0.01549785749
1614	0.01549775509
1615	0.01549765979
1616	0.01549783718
1617	0.01549810788
1618	0.01549826046
1619	0.01549815038
1620	0.01549807624
1621	0.01549797569
1622	0.01549788209
1623	0.01549779484
1624	0.01549771369
1625	0.01549786143
1626	0.01549055305
1627	0.01549068182
1628	0.01549058548
1629	0.01549049772
1630	0.01549041601
1631	0.01549053251
1632	0.01549045181
1633	0.01549037665
1634	0.01549030662
1635	0.01549040892
1636	0.01549050459
1637	0.01549043172
1638	0.01549051914
1639	0.0154874538
1640	0.01548710835
1641	0.01548678824
1642	0.01548649
1643	0.01548621199
1644	0.01548595296
1645	0.01548597184
1646	0.01548611695
1647	0.01548625243
1648	0.01548599855
1649	0.01548576184
1650	0.01548554113
1651	0.01548570102
1652	0.01548574995
1653	0.01548553457
1654	0.01548533377
1655	0.01548549857
1656	0.01548565516
1657	0.01548580369
1658	0.01548559424
1659	0.01548574233
1660	0.01548553991
1661	0.01548511007
1662	0.0154820733
1663	0.01548219751
1664	0.01548231337
1665	0.01548187402
1666	0.01548196492
1667	0.0154820497
1668	0.01548183623
1669	0.01548192479
1670	0.01548172184
1671	0.0154818135
1672	0.01548189904
1673	0.01548197879
1674	0.01548205317
1675	0.01548212256
1676	0.01548218727
1677	0.0154815394
1678	0.01548161249
1679	0.01548168068
1680	0.01548146293
1681	0.01548153763
1682	0.01548160768
1683	0.01548139877
1684	0.01548147404
1685	0.01547828746
1686	0.01547833449
1687	0.0154783785
1688	0.01547838463
1689	0.01547839075
1690	0.01547842967
1691	0.01547843271
1692	0.01547843575
1693	0.01547843892
1694	0.01547748697
1695	0.01547749467
1696	0.01547750189
1697	0.01547750866
1698	0.01547751502
1699	0.0154775211
1700	0.01547748988
1701	0.01547704501
1702	0.01547706307
1703	0.01547707996
1704	0.01547666844
1705	0.01547641649
1706	0.01547644217
1707	0.01547620577
1708	0.01547624245
1709	0.0154762767
1710	0.01547630869
1711	0.01547631193
1712	0.01547634109
1713	0.0154763683
1714	0.01547639371
1715	0.01547641744
1716	0.01547643957
1717	0.0154764332
1718	0.01547642753
1719	0.01547331171
1720	0.01547341273
1721	0.01547258038
1722	0.01547253058
1723	0.015472241
1724	0.01547221681
1725	0.01547219444
1726	0.01547218994
1727	0.01547186506
1728	0.01547154754
1729	0.01547156527
1730	0.01547158183
1731	0.01547159731
1732	0.01547161178
1733	0.01547162534
1734	0.01547163803
1735	0.01547164988
1736	0.01547139445
1737	0.0154714196
1738	0.01547144307
1739	0.015471465
1740	0.01547149396
1741	0.01547151186
1742	0.01547150872
1743	0.01547160248
1744	0.01547160861
1745	0.01547161434
1746	0.01546870694
1747	0.01546847021
1748	0.0154682495
1749	0.01546802587
1750	0.01546781764
1751	0.01546756966
1752	0.01546731771
1753	0.01546718306
1754	0.01546705753
1755	0.01546694051
1756	0.01546683144
1757	0.01546670969
1758	0.01546659647
1759	0.01546631972
1760	0.01546623579
1761	0.0154661576
1762	0.01546606746
1763	0.01546600015
1764	0.01546446121
1765	0.01546431547
1766	0.01546418264
1767	0.01546412982
1768	0.01546408064
1769	0.01546403487
1770	0.01546399226
1771	0.01546395257
1772	0.01546384329
1773	0.01546374151
1774	0.01546369389
1775	0.01546373665
1776	0.01546268066
1777	0.01546235318
1778	0.01546234428
1779	0.01546226392
1780	0.01546226286
1781	0.0154622624
1782	0.01546226208
1783	0.0154622618
1784	0.01546218842
1785	0.01546219524
1786	0.01546216528
1787	0.01546217319
1788	0.01546218059
1789	0.0154621875
1790	0.01546215779
1791	0.01546216575
1792	0.01546217317
1793	0.01546218013
1794	0.01546215047
1795	0.01546215845
1796	0.01546216593
1797	0.01546217293
1798	0.01546217947
1799	0.01546218558
1800	0.01546219128
1801	0.0154621966
1802	0.01546220156
1803	0.01546220621
1804	0.01546221056
1805	0.01546221077
1806	0.01546221426
1807	0.01546221753
1808	0.01546222059
1809	0.01546218566
1810	0.01546219027
1811	0.01546219456
1812	0.01546212704
1813	0.01546213774
1814	0.01546207439
1815	0.01546201537
1816	0.01546203728
1817	0.01546205772
1818	0.01546207678
1819	0.0154620411
1820	0.01546206065
1821	0.01546207888
1822	0.01546209591
1823	0.0154621118
1824	0.01546212662
1825	0.01546214043
1826	0.01546204033
1827	0.01546200306
1828	0.01546159897
1829	0.01546155681
1830	0.01546154189
1831	0.01546152827
1832	0.01546151581
1833	0.0154615527
1834	0.01546153841
1835	0.01546157331
1836	0.01546160589
1837	0.01545876143
1838	0.01545876081
1839	0.01545871087
1840	0.01545872399
1841	0.01545867608
1842	0.01545867967
1843	0.01545868306
1844	0.01545863734
1845	0.01545865504
1846	0.0154586105
1847	0.01545868215
1848	0.01545863702
1849	0.01545509319
1850	0.0154551042
1851	0.01545511454
1852	0.01545506757
1853	0.01545508219
1854	0.01545504188
1855	0.01545500431
1856	0.01545496236
1857	0.01545498417
1858	0.01545500451
1859	0.01545496586
1860	0.01545498715
1861	0.01545501608
1862	0.0154550339
1863	0.01545505058
1864	0.01545507571
1865	0.01545513983
1866	0.01545568759
1867	0.015455667
1868	0.01545563798
1869	0.01545561096
1870	0.01545554065
1871	0.01545551956
1872	0.01545616888
1873	0.01545607989
1874	0.01545605157
1875	0.01545601947
1876	0.01545594544
1877	0.01545577943
1878	0.01545575262
1879	0.01545568251
1880	0.01545544008
1881	0.01545537608
1882	0.01545532161
1883	0.01545526326
1884	0.01545521749
1885	0.01545521451
1886	0.01545516279
1887	0.0154551633
1888	0.01545516381
1889	0.01545511649
1890	0.01545479496

1890	0.01681881992
9
